{"coef": [[0.20990875244018406, -0.00405705706704316, 0.014137739206495996, -0.009606694081800161, 0.05550501663329943], [0.3409322881440889, 0.047319599745804575, 0.00749620485720095, 0.01788353424855216, 0.6259170256728703], [0.03700376118916303, 0.018908281528685227, 0.0026630531902814007, 0.021186309102663017, 0.07573002751578709], [0.005951817208762623, 0.09186043477656433, 0.04596535652004763, 0.02314811294143664, 0.1455741686192683], [-0.058990307507515036, -0.022346564248436007, 0.013170128650094412, 0.6987158926195468, 0.11893508421286385], [0.0028516782500819585, -0.016680402875561218, -0.017798742551886425, 0.3922982258781325, 0.041441791377231335], [0.3393182071793807, -0.023368609720301484, 0.014197968156151363, 0.03501836968979862, 0.08267428101586201], [0.01748158448995596, 0.028988487640598, -0.03746716470915523, 0.27432481645951656, 0.09034858112302026], [0.03344838276184491, 0.006831361916335377, -0.012802736132837934, 0.09644968542745815, 0.07643946224625166], [0.6051112548988066, -0.07755157293686393, 0.03471768254239023, -0.03420797052443141, 0.04408712025290125], [0.019743399217613537, -0.005231225922518679, -0.008720877356254094, 0.34257514623573815, -0.05233811048400396], [0.07505639604013967, 0.02271298560854021, 0.12670034095355315, 0.019024451501551007, -0.015950596875983443], [-0.037699474092162684, 0.13261918635215297, 0.060879417045699304, 0.0852416115950428, 0.58178938456653], [0.030723149021233756, 0.012927687105945662, 0.2906511716668829, 0.02319940001805846, -0.050712162025784165], [0.019771224493189955, 0.14935644802951878, 0.017843456111596878, -0.013125535707322588, 0.1953093149133693], [0.004279709801757456, 0.3057099965346881, 0.00239179166221729, 0.011766455303622431, -0.09313851962804605], [-0.031982889897824836, 0.001355678871414634, 0.2876374331754123, 0.004376351284535268, 0.010754527580257519]], "intercept": [-2.630675037902172, -4.673174539604005, 2.4996512918337945, 11.660480488780468, -3.5192943358723454, 1.1051864492692758, -9.740753782892916, 3.6196037823450453, 3.9338798040318856, -14.078219320363559, 0.347613255851293, 0.6829520229997392, 3.4093852042783865, -1.7695779972329646, 2.2424702666808827, -2.913296731237935, 0.7600184404223853], "predictors": ["stature_cm", "chestcircumference", "waistcircumference", "buttockcircumference", "biacromialbreadth"], "targets": ["shoulderelbowlength", "sleevelengthspinewrist", "wristcircumference", "neckcircumference", "thighcircumference", "lowerthighcircumference", "kneeheightsitting", "calfcircumference", "anklecircumference", "crotchheight", "hipbreadth", "bicristalbreadth", "bideltoidbreadth", "waistbreadth", "chestbreadth", "chestdepth", "waistdepth"]}