{"coef": [[0.21150059551201056, 0.012226330331311194, 0.005521511597457288, -0.031090728165681068, 0.07282235620996341], [0.33113210966645235, 0.1143310411460669, -0.04489785646655954, 0.020819146292590816, 0.6031262878550995], [0.034582639915908944, 0.028063525554188305, -0.0012672883137307982, 0.027158099260972988, 0.06319400535562268], [-0.025529805858137335, 0.14595038159527043, 0.0475069894480808, 0.023965719547852597, 0.18782556895016095], [-0.07117827801637203, 0.05165152989390637, -0.0444142062320925, 0.7436778002338409, 0.0108779849301827], [0.0021037539446404595, 0.03836945718930215, -0.008219884287762649, 0.3311551633852037, -0.0004148452899391371], [0.3454833251746333, 0.02372906173049938, 0.0029240068892534316, -0.0020780591352215208, 0.049991161852750106], [-0.013975365564500651, 0.08111002451559138, -0.02896727129591524, 0.25710855127362914, 0.0873788419169528], [0.024681567782872452, 0.027856415756949318, -0.029449392791147368, 0.12623910609184757, 0.03455519161737463], [0.5986528330337137, 0.03651379566290489, -0.06447092248619571, -0.026721233441743462, -0.0005142610647817835], [0.02793040439447222, -0.03651712137871305, 0.025027164349826266, 0.2847101869530191, 0.0177304542700344], [0.08793302100428273, -0.008982524275571092, 0.0577818632922985, 0.04984780826190858, 0.048326092605943984], [-0.03947808346711403, 0.2017042634960281, 0.0036044081669667377, 0.08632083473067259, 0.603278753627818], [0.016172284891744, 0.011849180461659892, 0.25277919795088477, 0.06069836668285107, -0.008970526974152255], [0.021164795962485786, 0.11998741539961498, 0.013811135389752448, -0.012388937438523009, 0.2226781263179707], [0.017726139811415596, 0.265744768513669, 0.018958302831552473, 0.011266810671551825, -0.1886189578784364], [-0.01258271264944536, -0.0066750327801593234, 0.32995370326322654, -0.04533962696394266, -0.009632078847608258]], "intercept": [-2.445267905236122, -3.653963243271491, 3.2639219855251262, 14.076970104758075, -2.5594638314479994, 3.5123550078173906, -9.923786873723955, 5.9580307432278445, 4.102716340901917, -15.617815667993455, 1.4154764405184324, 0.5262591422347676, 2.403101313177359, -1.0369513948019247, 3.2341387125970513, -0.9536918522871041, 0.6749349928730055], "predictors": ["stature_cm", "chestcircumference", "waistcircumference", "buttockcircumference", "biacromialbreadth"], "targets": ["shoulderelbowlength", "sleevelengthspinewrist", "wristcircumference", "neckcircumference", "thighcircumference", "lowerthighcircumference", "kneeheightsitting", "calfcircumference", "anklecircumference", "crotchheight", "hipbreadth", "bicristalbreadth", "bideltoidbreadth", "waistbreadth", "chestbreadth", "chestdepth", "waistdepth"]}