{
  "male": {
    "stature_cm": {
      "min": 152.8,
      "max": 199.3,
      "mean": 175.53389662027834,
      "std": 6.759234971150652
    },
    "chestcircumference": {
      "min": 81.0,
      "max": 132.7,
      "mean": 105.67010437375745,
      "std": 8.475017952523235
    },
    "waistcircumference": {
      "min": 65.0,
      "max": 128.7,
      "mean": 93.7851888667992,
      "std": 10.788663106118188
    },
    "buttockcircumference": {
      "min": 77.0,
      "max": 125.6,
      "mean": 101.75750497017893,
      "std": 7.37245198761541
    },
    "biacromialbreadth": {
      "min": 35.2,
      "max": 48.2,
      "mean": 41.53988568588469,
      "std": 1.8757070651190675
    },
    "shoulderelbowlength": {
      "min": 30.4,
      "max": 42.3,
      "mean": 36.35136679920477,
      "std": 1.8002715073082571
    },
    "sleevelengthspinewrist": {
      "min": 76.5,
      "max": 103.5,
      "mean": 89.51386679920476,
      "std": 3.9334030451931152
    },
    "wristcircumference": {
      "min": 14.8,
      "max": 20.6,
      "mean": 17.569582504970178,
      "std": 0.8649953624350487
    },
    "neckcircumference": {
      "min": 32.5,
      "max": 48.6,
      "mean": 39.714612326043735,
      "std": 2.513645622693731
    },
    "thighcircumference": {
      "min": 45.2,
      "max": 81.7,
      "mean": 62.365631212723656,
      "std": 5.626257570291124
    },
    "lowerthighcircumference": {
      "min": 30.2,
      "max": 51.7,
      "mean": 40.84552683896621,
      "std": 3.0650597013243353
    },
    "kneeheightsitting": {
      "min": 46.5,
      "max": 64.2,
      "mean": 55.36709741550696,
      "std": 2.737085859121361
    },
    "calfcircumference": {
      "min": 29.3,
      "max": 49.0,
      "mean": 39.15151590457257,
      "std": 2.8708738508349567
    },
    "anklecircumference": {
      "min": 18.9,
      "max": 27.8,
      "mean": 22.898036779324055,
      "std": 1.4143501691004132
    },
    "crotchheight": {
      "min": 70.2,
      "max": 100.1,
      "mean": 84.53759940357853,
      "std": 4.584770941518132
    },
    "hipbreadth": {
      "min": 26.4,
      "max": 42.7,
      "mean": 34.51453777335984,
      "std": 2.325387533033277
    },
    "bicristalbreadth": {
      "min": 21.9,
      "max": 33.2,
      "mean": 27.511232604373756,
      "std": 1.7151698683877876
    },
    "bideltoidbreadth": {
      "min": 41.4,
      "max": 61.5,
      "mean": 50.96943339960239,
      "std": 3.1429557101731707
    },
    "waistbreadth": {
      "min": 23.5,
      "max": 43.6,
      "mean": 32.564761431411526,
      "std": 3.3693270390009658
    },
    "chestbreadth": {
      "min": 23.2,
      "max": 35.1,
      "mean": 28.912997017892643,
      "std": 1.7897650197003603
    },
    "chestdepth": {
      "min": 17.6,
      "max": 34.2,
      "mean": 25.32840457256461,
      "std": 2.557534980129324
    },
    "waistdepth": {
      "min": 15.1,
      "max": 35.2,
      "mean": 23.6918986083499,
      "std": 3.352399458064488
    }
  },
  "female": {
    "stature_cm": {
      "min": 143.5,
      "max": 182.9,
      "mean": 162.8336587872559,
      "std": 6.322020330060159
    },
    "chestcircumference": {
      "min": 72.6,
      "max": 122.0,
      "mean": 94.44655704008223,
      "std": 7.940635846800968
    },
    "waistcircumference": {
      "min": 61.1,
      "max": 117.4,
      "mean": 85.76007194244605,
      "std": 9.492033937595071
    },
    "buttockcircumference": {
      "min": 80.1,
      "max": 127.5,
      "mean": 101.89090441932167,
      "std": 7.224817589898867
    },
    "biacromialbreadth": {
      "min": 31.1,
      "max": 42.2,
      "mean": 36.524768756423434,
      "std": 1.8025526238984202
    },
    "shoulderelbowlength": {
      "min": 27.8,
      "max": 39.4,
      "mean": 33.427286742034944,
      "std": 1.6904694399797264
    },
    "sleevelengthspinewrist": {
      "min": 68.0,
      "max": 93.0,
      "mean": 80.63776978417266,
      "std": 3.683518068066226
    },
    "wristcircumference": {
      "min": 13.3,
      "max": 18.2,
      "mean": 15.464028776978417,
      "std": 0.7583373825704824
    },
    "neckcircumference": {
      "min": 27.5,
      "max": 39.2,
      "mean": 32.92317574511819,
      "std": 1.8300357187988923
    },
    "thighcircumference": {
      "min": 44.8,
      "max": 80.3,
      "mean": 61.430883864337105,
      "std": 5.299794528672378
    },
    "lowerthighcircumference": {
      "min": 31.2,
      "max": 51.7,
      "mean": 39.952980472764644,
      "std": 3.3280600054885774
    },
    "kneeheightsitting": {
      "min": 42.4,
      "max": 59.5,
      "mean": 51.109917780061664,
      "std": 2.637684053383367
    },
    "calfcircumference": {
      "min": 28.8,
      "max": 46.0,
      "mean": 37.24203494347379,
      "std": 2.7409773969898352
    },
    "anklecircumference": {
      "min": 17.0,
      "max": 26.7,
      "mean": 21.546916752312434,
      "std": 1.4546205965665822
    },
    "crotchheight": {
      "min": 63.9,
      "max": 93.4,
      "mean": 78.23196300102775,
      "std": 4.375624929371555
    },
    "hipbreadth": {
      "min": 27.6,
      "max": 44.2,
      "mean": 35.314182939362794,
      "std": 2.55329904552391
    },
    "bicristalbreadth": {
      "min": 20.1,
      "max": 34.7,
      "mean": 27.271479958890033,
      "std": 2.1476342143440728
    },
    "bideltoidbreadth": {
      "min": 35.7,
      "max": 54.0,
      "mean": 44.95215827338129,
      "std": 2.750227467596594
    },
    "waistbreadth": {
      "min": 21.1,
      "max": 40.5,
      "mean": 29.891983556012335,
      "std": 3.150621185208681
    },
    "chestbreadth": {
      "min": 21.3,
      "max": 33.2,
      "mean": 26.894604316546758,
      "std": 1.8079620172153616
    },
    "chestdepth": {
      "min": 17.1,
      "max": 33.3,
      "mean": 24.658992805755396,
      "std": 2.6247964911588157
    },
    "waistdepth": {
      "min": 13.8,
      "max": 31.2,
      "mean": 21.186690647482017,
      "std": 2.950085641018205
    }
  }
}