{
  "mean": [
    0.3571007226333022,
    -1.0298006145358085,
    0.15838737714942544,
    0.5865831655710936,
    0.5569477433562279,
    1.3051896662861109,
    -0.2908938292320818,
    0.19398858323553578,
    0.13031477689743043,
    -0.5657313983011991
  ],
  "scale": [
    0.5368642799929068,
    1.8521091165588053,
    0.6763121150223832,
    0.6396443864635498,
    1.3901030954529106,
    1.0742225443882265,
    0.5826438036910557,
    0.5909382286935337,
    0.39002761922936063,
    0.6581222102167792
  ]
}